{"loss": [1.7001234292984009, 1.1987813711166382, 1.0038400888442993, 0.8842450976371765, 0.8030761480331421, 0.7387979030609131, 0.6920921206474304, 0.64319908618927, 0.6016806364059448, 0.5669798254966736, 0.5315555334091187, 0.497857928276062, 0.47114235162734985, 0.44930514693260193, 0.4243498742580414, 0.4087733328342438], "accuracy": [0.4346199929714203, 0.5853599905967712, 0.652400016784668, 0.6930999755859375, 0.7194600105285645, 0.7398999929428101, 0.757420003414154, 0.7733399868011475, 0.7876399755477905, 0.798259973526001, 0.8126199841499329, 0.8232600092887878, 0.8339200019836426, 0.8388000130653381, 0.847819983959198, 0.8566799759864807], "val_loss": [1.3107426166534424, 1.3780864477157593, 0.8882589936256409, 0.8328753709793091, 0.7493559122085571, 0.7417028546333313, 0.6937606334686279, 0.6825283169746399, 0.5906803011894226, 0.61951744556427, 0.6007787585258484, 0.5776609182357788, 0.5945127010345459, 0.6238588094711304, 0.5720215439796448, 0.6130350232124329], "val_accuracy": [0.5436000227928162, 0.5666999816894531, 0.6912000179290771, 0.7099999785423279, 0.7404999732971191, 0.7426000237464905, 0.7597000002861023, 0.763700008392334, 0.7936000227928162, 0.7912999987602234, 0.7940000295639038, 0.8064000010490417, 0.8039000034332275, 0.7971000075340271, 0.8122000098228455, 0.796500027179718]}