{"loss": [0.5513651371002197, 0.34401652216911316, 0.29235437512397766, 0.26146045327186584, 0.23429536819458008, 0.21876965463161469, 0.19655010104179382, 0.18180371820926666, 0.16679859161376953, 0.15084874629974365, 0.13794739544391632, 0.12400753796100616, 0.11131533235311508, 0.09896586835384369, 0.0871153399348259, 0.07742264866828918, 0.06664656847715378, 0.05824263393878937], "accuracy": [0.8020175695419312, 0.8752631545066833, 0.8930701613426208, 0.9033684134483337, 0.914543867111206, 0.9184386134147644, 0.9269824624061584, 0.9325438737869263, 0.937807023525238, 0.9438421130180359, 0.9496315717697144, 0.9533684253692627, 0.9587543606758118, 0.9640175700187683, 0.9683333039283752, 0.9716315865516663, 0.9758947491645813, 0.9783157706260681], "val_loss": [0.38336384296417236, 0.33110469579696655, 0.29632657766342163, 0.26188477873802185, 0.27141234278678894, 0.2512783110141754, 0.24652260541915894, 0.24683035910129547, 0.2392859309911728, 0.2494591474533081, 0.252553254365921, 0.2560594379901886, 0.2561376690864563, 0.2626103460788727, 0.2763746380805969, 0.27050817012786865, 0.3282887935638428, 0.3027348220348358], "val_accuracy": [0.862666666507721, 0.878000020980835, 0.8899999856948853, 0.9020000100135803, 0.8996666669845581, 0.9046666622161865, 0.9139999747276306, 0.9169999957084656, 0.9156666398048401, 0.9116666913032532, 0.9160000085830688, 0.9129999876022339, 0.9206666946411133, 0.918666660785675, 0.9129999876022339, 0.9246666431427002, 0.9143333435058594, 0.9169999957084656]}